{
    // The ID of your mod. Should be unique!!
    "id": "shelter",
    // Displays on the main menu.
    "name": "The Shelter",
    // Displays underneath the name. Optional.
    "subtitle": "",

    // The version of your mod.
    "version": "v1.0.0",
    // What version of the engine your mod was made with.
    "engineVer": "v0.8.1",

    // The Deltarune chapter you'd like to base your mod off of.
    // Do keep in mind that you can control chapter-specific features
    // one by one using the config below.
    "chapter": 2,

    // The map that you start in when first starting the mod.
    "map": "core",

    // The party. The first character is the player.
    "party": ["vessel"],

    // The inventory. Contains three darkburgers, a cell phone and a shadow crystal by default.
    "inventory": {
        "items": ["light/paintbrush"]
    },

    // Equipment for your party. Not specifying equipment defaults to the following.
    "equipment": {},

    // Should never be true, but just in case. Restarts the entire engine when leaving the mod.
    // If you need this, you're most likely doing something wrong.
    "hardReset": false,

    // Whether the mod is hidden from the mod selection.
    "hidden": false,

    // Whether the game window's title should be set to the mod's name, when the engine is run
    // with this mod as the target mod.
    "setWindowTitle": true,

    // Config values for the engine and any libraries you may have.
    // These config values can control chapter-specific features as well.
    "config": {
        "kristal": {
            // End of config
        }
    }
}